Timestamp,Message
2023-09-24 08:15:00,Started server
2023-09-24 08:30:00,Received request from client 123
2023-09-24 09:05:00,Database connection established
2023-09-24 09:45:00,Error: Unable to process request
2023-09-24 10:10:00,Server restarted
2023-09-24 10:25:00,Request processed successfully
2023-09-24 11:00:00,Server maintenance started
2023-09-24 11:30:00,Server maintenance completed
2023-09-24 12:15:00,Received request from client 456
2023-09-24 13:00:00,Server is running smoothly
2023-09-24 13:30:00,Received request from client 789
2023-09-24 14:10:00,Error: Server timeout
2023-09-24 14:25:00,Database connection established
2023-09-24 15:00:00,Server restarted
2023-09-24 15:15:00,Request processed successfully
2023-09-24 16:00:00,Server maintenance started
2023-09-24 16:30:00,Server maintenance completed
2023-09-24 17:15:00,Received request from client 101
2023-09-24 17:45:00,Server is running smoothly
2023-09-24 18:15:00,Received request from client 202
2023-09-24 19:00:00,Error: Server crash
2023-09-24 19:15:00,Database connection established
2023-09-24 20:00:00,Server restarted
2023-09-24 20:30:00,Request processed successfully
2023-09-24 21:00:00,Server maintenance started
2023-09-24 21:30:00,Server maintenance completed
2023-09-24 22:15:00,Received request from client 303
2023-09-24 23:00:00,Server is running smoothly
2023-09-24 20:30:00,Request processed successfully
2023-09-25 08:15:00,Started server
2023-09-25 08:30:00,Received request from client 123
2023-09-24 20:30:00,Request processed successfully
2023-09-25 09:05:00,Database connection established
2023-09-25 09:45:00,Error: Unable to process request
2023-09-25 10:10:00,Server restarted
2023-09-24 20:30:00,Request processed successfully
2023-09-25 10:25:00,Request processed successfully
2023-09-25 11:00:00,Server maintenance started
2023-09-25 11:30:00,Server maintenance completed
2023-09-25 12:15:00,Received request from client 456
2023-09-25 13:00:00,Server is running smoothly
2023-09-25 13:30:00,Received request from client 789
2023-09-24 20:30:00,Request processed successfully
2023-09-25 14:10:00,Error: Server timeout
2023-09-25 14:25:00,Database connection established
2023-09-25 15:00:00,Server restarted
2023-09-25 15:15:00,Request processed successfully
2023-09-24 20:30:00,Request processed successfully
2023-09-25 16:00:00,Server maintenance started
2023-09-25 16:30:00,Server maintenance completed
2023-09-25 17:15:00,Received request from client 101
2023-09-24 20:30:00,Request processed successfully
2023-09-25 17:45:00,Server is running smoothly
2023-09-25 18:15:00,Received request from client 202
2023-09-25 19:00:00,Error: Server crash
2023-09-25 19:15:00,Database connection established
2023-09-25 20:00:00,Server restarted
2023-09-25 20:30:00,Request processed successfully
2023-09-25 21:00:00,Server maintenance started
2023-09-25 21:30:00,Server maintenance completed
2023-09-25 22:15:00,Received request from client 303
2023-09-25 23:00:00,Server is running smoothly