id,name,role,email,uuid,password
0,my-admin,admin,admin@gmail.com,ghi890,admin
1,Alice,student,alice@gmail.com,abc123,pass
2,Bob,instructor,bob@gmail.com,def456,pass
3,QA,qa,qa@gmail.com,ghi789,pass
4,Cod,coordinator,cod@gmail.com,jkl012,pass
5,David,student,david@gmail.com,mno345,studentPass2
6,Eve,instructor,eve@gmail.com,pqr678,instructorPass2
7,Francis,qa,francis@gmail.com,stu901,qaPass2
8,Grace,coordinator,grace@gmail.com,vwx234,coordinatorPass2
9,Henry,student,henry@gmail.com,yza567,studentPass3
10,Isabel,instructor,isabel@gmail.com,bcd890,instructorPass3
11,Jack,qa,jack@gmail.com,efg123,qaPass3
12,Kate,coordinator,kate@gmail.com,hij456,coordinatorPass3
13,Liam,student,liam@gmail.com,klm789,studentPass4
14,Mia,instructor,mia@gmail.com,nop012,instructorPass4
15,Noah,qa,noah@gmail.com,qrs345,qaPass4
16,Olivia,coordinator,olivia@gmail.com,tuv678,coordinatorPass4
17,Peter,student,peter@gmail.com,wxy901,studentPass5
18,Quinn,instructor,quinn@gmail.com,abc234,instructorPass5
19,Rachel,qa,rachel@gmail.com,def567,qaPass5
20,Sean,coordinator,sean@gmail.com,ghi890,coordinatorPass5